,0,1,2,3,4,5,6,7,8,9
0,150.0,0.0,0.0,0.0,500.0,24.0,8.0,1459.8,12.2,308750.4
1,120.0,0.0,0.0,0.0,500.0,30.0,3.0,1459.8,12.2,308750.4
2,0.0,70.0,0.0,0.0,300.0,27.0,5.0,1459.8,12.2,308750.4
3,0.0,150.0,0.0,0.0,300.0,30.0,9.0,1459.8,12.2,308750.4
4,150.0,0.0,0.0,0.0,300.0,30.0,6.0,1459.8,12.2,308750.4
5,70.0,0.0,0.0,0.0,500.0,24.0,6.0,1459.8,12.2,308750.4
6,120.0,0.0,0.0,0.0,500.0,24.0,3.0,1459.8,12.2,308750.4
7,120.0,0.0,0.0,0.0,400.0,24.0,4.0,1459.8,12.2,308750.4
8,150.0,0.0,0.0,0.0,300.0,27.0,5.0,1485.0,12.2,308750.4
9,150.0,0.0,0.0,0.0,300.0,27.0,3.0,1485.0,12.2,308750.4
10,120.0,0.0,0.0,0.0,300.0,21.0,5.0,1459.8,12.2,308750.4
11,90.0,0.0,0.0,0.0,300.0,21.0,5.0,1410.0,12.2,308750.4
12,0.0,200.0,0.0,0.0,300.0,21.0,4.0,1459.8,12.2,308750.4
13,70.0,0.0,0.0,0.0,300.0,27.0,5.0,1485.0,12.2,308750.4
14,90.0,0.0,0.0,0.0,500.0,24.0,6.0,1459.8,12.2,308750.4
15,0.0,200.0,0.0,0.0,300.0,24.0,6.0,1459.8,12.2,308750.4
16,70.0,0.0,0.0,0.0,300.0,21.0,6.0,1410.0,12.2,308750.4
17,150.0,0.0,0.0,0.0,300.0,24.0,9.0,1459.8,12.2,308750.4
18,120.0,0.0,0.0,0.0,300.0,24.0,3.0,1410.0,12.2,308750.4
19,0.0,38.0,0.0,0.0,300.0,27.0,5.0,1459.8,12.2,308750.4
20,0.0,90.0,0.0,0.0,300.0,21.0,9.0,1459.8,12.2,308750.4
21,70.0,0.0,0.0,0.0,300.0,24.0,6.0,1410.0,12.2,308750.4
22,0.0,150.0,0.0,0.0,300.0,24.0,5.0,1459.8,12.2,308750.4
23,90.0,0.0,0.0,0.0,300.0,24.0,4.0,1459.8,12.2,308750.4
24,0.0,38.0,0.0,0.0,300.0,21.0,7.0,1459.8,12.2,308750.4
25,120.0,80.0,0.0,0.0,300.0,27.0,6.0,1459.8,12.2,308750.4
26,200.0,50.0,0.0,0.0,300.0,30.0,3.0,1459.8,12.2,308750.4
27,70.0,0.0,0.0,0.0,300.0,24.0,6.0,1485.0,12.2,308750.4
28,150.0,0.0,0.0,0.0,400.0,24.0,9.0,1459.8,12.2,308750.4
29,0.0,70.0,0.0,0.0,300.0,21.0,5.0,1459.8,12.2,308750.4
30,150.0,0.0,0.0,0.0,300.0,24.0,5.0,1410.0,12.2,308750.4
31,0.0,175.0,0.0,0.0,300.0,30.0,9.0,1459.8,12.2,308750.4
32,90.0,0.0,0.0,0.0,300.0,30.0,8.0,1410.0,12.2,308750.4
33,150.0,0.0,0.0,0.0,300.0,24.0,6.0,1485.0,12.2,308750.4
34,70.0,0.0,0.0,0.0,300.0,27.0,8.0,1485.0,12.2,308750.4
35,0.0,90.0,0.0,0.0,300.0,30.0,6.0,1459.8,12.2,308750.4
36,37.9,0.0,0.0,0.0,300.0,21.0,8.0,1459.8,12.2,308750.4
37,0.0,38.0,0.0,0.0,300.0,24.0,3.0,1459.8,12.2,308750.4
38,90.0,0.0,0.0,0.0,300.0,30.0,4.0,1410.0,12.2,308750.4
39,37.9,0.0,0.0,0.0,400.0,27.0,4.0,1459.8,12.2,308750.4
40,37.9,0.0,0.0,0.0,500.0,21.0,6.0,1459.8,12.2,308750.4
41,0.0,175.0,0.0,0.0,300.0,24.0,8.0,1459.8,12.2,308750.4
42,120.0,30.0,0.0,0.0,300.0,25.0,9.0,1459.8,12.2,308750.4
43,38.0,0.0,0.0,0.0,300.0,24.0,4.0,1410.0,12.2,308750.4
44,120.0,0.0,0.0,0.0,300.0,27.0,6.0,1485.0,12.2,308750.4
45,0.0,90.0,0.0,0.0,300.0,21.0,5.0,1459.8,12.2,308750.4
46,70.0,0.0,0.0,0.0,300.0,27.0,3.0,1410.0,12.2,308750.4
47,10.0,40.0,0.0,0.0,300.0,21.0,5.0,1459.8,12.2,308750.4
48,40.0,60.0,0.0,0.0,300.0,23.0,4.0,1459.8,12.2,308750.4
49,38.0,0.0,0.0,0.0,300.0,24.0,5.0,1485.0,12.2,308750.4
50,0.0,38.0,0.0,0.0,300.0,27.0,7.0,1459.8,12.2,308750.4
51,10.0,40.0,0.0,0.0,300.0,21.0,9.0,1459.8,12.2,308750.4
52,0.0,90.0,0.0,0.0,300.0,24.0,3.0,1459.8,12.2,308750.4
53,90.0,0.0,0.0,0.0,300.0,27.0,7.0,1485.0,12.2,308750.4
54,120.0,0.0,0.0,0.0,300.0,24.0,9.0,1410.0,12.2,308750.4
55,10.0,40.0,0.0,0.0,300.0,21.0,6.0,1459.8,12.2,308750.4
56,0.0,38.0,0.0,0.0,300.0,27.0,3.0,1459.8,12.2,308750.4
57,37.9,0.0,0.0,0.0,400.0,21.0,4.0,1459.8,12.2,308750.4
58,150.0,0.0,0.0,0.0,300.0,24.0,8.0,1485.0,12.2,308750.4
59,37.9,0.0,0.0,0.0,400.0,21.0,5.0,1459.8,12.2,308750.4
60,0.0,175.0,0.0,0.0,300.0,30.0,8.0,1459.8,12.2,308750.4
61,70.0,0.0,0.0,0.0,300.0,27.0,3.0,1485.0,12.2,308750.4
62,160.0,40.0,0.0,0.0,300.0,27.0,9.0,1459.8,12.2,308750.4
63,120.0,0.0,0.0,0.0,300.0,24.0,4.0,1459.8,12.2,308750.4
64,90.0,0.0,0.0,0.0,300.0,21.0,7.0,1485.0,12.2,308750.4
65,0.0,70.0,0.0,0.0,300.0,30.0,3.0,1459.8,12.2,308750.4
66,70.0,0.0,0.0,0.0,400.0,30.0,6.0,1459.8,12.2,308750.4
67,70.0,0.0,0.0,0.0,300.0,30.0,7.0,1459.8,12.2,308750.4
68,0.0,200.0,0.0,0.0,300.0,24.0,8.0,1459.8,12.2,308750.4
69,90.0,0.0,0.0,0.0,300.0,21.0,5.0,1459.8,12.2,308750.4
70,150.0,0.0,0.0,0.0,300.0,30.0,4.0,1459.8,12.2,308750.4
71,0.0,38.0,0.0,0.0,300.0,30.0,3.0,1459.8,12.2,308750.4
72,38.0,0.0,0.0,0.0,300.0,27.0,6.0,1410.0,12.2,308750.4
73,150.0,0.0,0.0,0.0,300.0,27.0,7.0,1485.0,12.2,308750.4
74,70.0,0.0,0.0,0.0,300.0,21.0,8.0,1485.0,12.2,308750.4
75,0.0,90.0,0.0,0.0,300.0,24.0,8.0,1459.8,12.2,308750.4
76,90.0,0.0,0.0,0.0,300.0,24.0,6.0,1485.0,12.2,308750.4
77,0.0,38.0,0.0,0.0,300.0,21.0,4.0,1459.8,12.2,308750.4
78,60.0,90.0,0.0,0.0,300.0,25.0,6.0,1459.8,12.2,308750.4
79,90.0,0.0,0.0,0.0,300.0,27.0,5.0,1410.0,12.2,308750.4
80,37.9,0.0,0.0,0.0,500.0,21.0,4.0,1459.8,12.2,308750.4
81,0.0,150.0,0.0,0.0,300.0,24.0,6.0,1459.8,12.2,308750.4
82,40.0,160.0,0.0,0.0,300.0,27.0,6.0,1459.8,12.2,308750.4
83,38.0,0.0,0.0,0.0,300.0,21.0,9.0,1410.0,12.2,308750.4
84,37.9,0.0,0.0,0.0,300.0,30.0,4.0,1459.8,12.2,308750.4
85,90.0,0.0,0.0,0.0,300.0,24.0,5.0,1410.0,12.2,308750.4
86,90.0,0.0,0.0,0.0,300.0,27.0,3.0,1410.0,12.2,308750.4
87,90.0,0.0,0.0,0.0,300.0,24.0,9.0,1410.0,12.2,308750.4
88,70.0,0.0,0.0,0.0,300.0,21.0,5.0,1410.0,12.2,308750.4
89,0.0,124.0,0.0,0.0,300.0,21.0,7.0,1459.8,12.2,308750.4
90,90.0,0.0,0.0,0.0,400.0,24.0,9.0,1459.8,12.2,308750.4
91,70.0,0.0,0.0,0.0,300.0,30.0,3.0,1459.8,12.2,308750.4
92,120.0,0.0,0.0,0.0,300.0,27.0,3.0,1410.0,12.2,308750.4
93,37.9,0.0,0.0,0.0,400.0,30.0,8.0,1459.8,12.2,308750.4
94,120.0,0.0,0.0,0.0,300.0,27.0,9.0,1459.8,12.2,308750.4
95,120.0,0.0,0.0,0.0,300.0,30.0,6.0,1410.0,12.2,308750.4
96,150.0,0.0,0.0,0.0,500.0,27.0,7.0,1459.8,12.2,308750.4
97,90.0,0.0,0.0,0.0,400.0,30.0,6.0,1459.8,12.2,308750.4
98,0.0,90.0,0.0,0.0,300.0,21.0,6.0,1459.8,12.2,308750.4
99,120.0,0.0,0.0,0.0,300.0,27.0,7.0,1459.8,12.2,308750.4
100,0.0,70.0,0.0,0.0,300.0,24.0,3.0,1459.8,12.2,308750.4
101,37.9,0.0,0.0,0.0,300.0,21.0,3.0,1459.8,12.2,308750.4
102,160.0,40.0,0.0,0.0,300.0,27.0,3.0,1459.8,12.2,308750.4
103,150.0,0.0,0.0,0.0,500.0,21.0,7.0,1459.8,12.2,308750.4
104,120.0,0.0,0.0,0.0,300.0,24.0,3.0,1459.8,12.2,308750.4
105,0.0,150.0,0.0,0.0,300.0,30.0,5.0,1459.8,12.2,308750.4
106,80.0,20.0,0.0,0.0,300.0,23.0,6.0,1459.8,12.2,308750.4
107,90.0,0.0,0.0,0.0,300.0,24.0,8.0,1410.0,12.2,308750.4
108,120.0,30.0,0.0,0.0,300.0,25.0,3.0,1459.8,12.2,308750.4
109,0.0,90.0,0.0,0.0,300.0,27.0,5.0,1459.8,12.2,308750.4
110,0.0,175.0,0.0,0.0,300.0,24.0,6.0,1459.8,12.2,308750.4
111,90.0,0.0,0.0,0.0,300.0,27.0,8.0,1485.0,12.2,308750.4
112,0.0,38.0,0.0,0.0,300.0,24.0,8.0,1459.8,12.2,308750.4
113,0.0,200.0,0.0,0.0,300.0,27.0,5.0,1459.8,12.2,308750.4
114,0.0,150.0,0.0,0.0,300.0,21.0,5.0,1459.8,12.2,308750.4
115,120.0,0.0,0.0,0.0,300.0,27.0,7.0,1485.0,12.2,308750.4
116,30.0,20.0,0.0,0.0,300.0,21.0,6.0,1459.8,12.2,308750.4
117,0.0,38.0,0.0,0.0,300.0,21.0,5.0,1459.8,12.2,308750.4
118,150.0,0.0,0.0,0.0,500.0,30.0,5.0,1459.8,12.2,308750.4
119,200.0,50.0,0.0,0.0,300.0,30.0,9.0,1459.8,12.2,308750.4
120,150.0,0.0,0.0,0.0,500.0,30.0,8.0,1459.8,12.2,308750.4
121,50.0,200.0,0.0,0.0,300.0,30.0,6.0,1459.8,12.2,308750.4
122,37.9,0.0,0.0,0.0,500.0,24.0,3.0,1459.8,12.2,308750.4
123,100.0,150.0,0.0,0.0,300.0,30.0,3.0,1459.8,12.2,308750.4
124,200.0,50.0,0.0,0.0,300.0,30.0,8.0,1459.8,12.2,308750.4
125,38.0,0.0,0.0,0.0,300.0,24.0,7.0,1485.0,12.2,308750.4
126,0.0,124.0,0.0,0.0,300.0,30.0,4.0,1459.8,12.2,308750.4
127,90.0,0.0,0.0,0.0,300.0,27.0,5.0,1459.8,12.2,308750.4
128,80.0,120.0,0.0,0.0,300.0,27.0,5.0,1459.8,12.2,308750.4
129,90.0,0.0,0.0,0.0,500.0,30.0,5.0,1459.8,12.2,308750.4
130,37.9,0.0,0.0,0.0,400.0,21.0,7.0,1459.8,12.2,308750.4
131,60.0,40.0,0.0,0.0,300.0,23.0,5.0,1459.8,12.2,308750.4
132,40.0,10.0,0.0,0.0,300.0,21.0,8.0,1459.8,12.2,308750.4
133,90.0,0.0,0.0,0.0,400.0,30.0,3.0,1459.8,12.2,308750.4
134,0.0,38.0,0.0,0.0,300.0,30.0,9.0,1459.8,12.2,308750.4
135,38.0,0.0,0.0,0.0,300.0,27.0,6.0,1485.0,12.2,308750.4
136,0.0,90.0,0.0,0.0,300.0,30.0,8.0,1459.8,12.2,308750.4
137,150.0,0.0,0.0,0.0,400.0,30.0,4.0,1459.8,12.2,308750.4
138,90.0,0.0,0.0,0.0,300.0,21.0,4.0,1459.8,12.2,308750.4
139,37.9,0.0,0.0,0.0,400.0,30.0,6.0,1459.8,12.2,308750.4
140,70.0,0.0,0.0,0.0,300.0,21.0,9.0,1410.0,12.2,308750.4
141,37.9,0.0,0.0,0.0,400.0,24.0,8.0,1459.8,12.2,308750.4
142,120.0,0.0,0.0,0.0,300.0,30.0,4.0,1459.8,12.2,308750.4
143,0.0,200.0,0.0,0.0,300.0,30.0,7.0,1459.8,12.2,308750.4
144,37.9,0.0,0.0,0.0,300.0,30.0,3.0,1459.8,12.2,308750.4
145,120.0,30.0,0.0,0.0,300.0,25.0,4.0,1459.8,12.2,308750.4
146,38.0,0.0,0.0,0.0,300.0,24.0,4.0,1485.0,12.2,308750.4
147,0.0,90.0,0.0,0.0,300.0,30.0,4.0,1459.8,12.2,308750.4
148,0.0,124.0,0.0,0.0,300.0,21.0,3.0,1459.8,12.2,308750.4
149,80.0,20.0,0.0,0.0,300.0,23.0,3.0,1459.8,12.2,308750.4
150,38.0,0.0,0.0,0.0,300.0,21.0,7.0,1410.0,12.2,308750.4
151,0.0,175.0,0.0,0.0,300.0,27.0,7.0,1459.8,12.2,308750.4
152,37.9,0.0,0.0,0.0,300.0,27.0,6.0,1459.8,12.2,308750.4
153,90.0,0.0,0.0,0.0,300.0,27.0,4.0,1459.8,12.2,308750.4
154,0.0,38.0,0.0,0.0,300.0,21.0,9.0,1459.8,12.2,308750.4
155,120.0,0.0,0.0,0.0,500.0,30.0,9.0,1459.8,12.2,308750.4
156,70.0,0.0,0.0,0.0,300.0,21.0,7.0,1459.8,12.2,308750.4
157,90.0,0.0,0.0,0.0,300.0,27.0,7.0,1459.8,12.2,308750.4
158,90.0,0.0,0.0,0.0,300.0,24.0,4.0,1485.0,12.2,308750.4
159,150.0,0.0,0.0,0.0,300.0,27.0,4.0,1459.8,12.2,308750.4
160,20.0,80.0,0.0,0.0,300.0,23.0,9.0,1459.8,12.2,308750.4
161,70.0,0.0,0.0,0.0,300.0,27.0,7.0,1485.0,12.2,308750.4
162,70.0,0.0,0.0,0.0,400.0,21.0,7.0,1459.8,12.2,308750.4
163,37.9,0.0,0.0,0.0,300.0,27.0,5.0,1459.8,12.2,308750.4
164,70.0,0.0,0.0,0.0,500.0,30.0,8.0,1459.8,12.2,308750.4
165,160.0,40.0,0.0,0.0,300.0,27.0,8.0,1459.8,12.2,308750.4
166,0.0,38.0,0.0,0.0,300.0,27.0,8.0,1459.8,12.2,308750.4
167,150.0,0.0,0.0,0.0,300.0,30.0,3.0,1459.8,12.2,308750.4
168,90.0,0.0,0.0,0.0,300.0,30.0,9.0,1485.0,12.2,308750.4
169,120.0,0.0,0.0,0.0,300.0,30.0,5.0,1459.8,12.2,308750.4
170,0.0,175.0,0.0,0.0,300.0,30.0,5.0,1459.8,12.2,308750.4
171,150.0,0.0,0.0,0.0,400.0,27.0,7.0,1459.8,12.2,308750.4
172,150.0,0.0,0.0,0.0,300.0,30.0,9.0,1459.8,12.2,308750.4
173,150.0,0.0,0.0,0.0,300.0,27.0,4.0,1485.0,12.2,308750.4
174,38.0,0.0,0.0,0.0,300.0,21.0,5.0,1485.0,12.2,308750.4
175,150.0,0.0,0.0,0.0,400.0,30.0,6.0,1459.8,12.2,308750.4
176,0.0,150.0,0.0,0.0,300.0,30.0,8.0,1459.8,12.2,308750.4
177,120.0,0.0,0.0,0.0,300.0,27.0,4.0,1485.0,12.2,308750.4
178,0.0,150.0,0.0,0.0,300.0,24.0,3.0,1459.8,12.2,308750.4
179,38.0,0.0,0.0,0.0,300.0,21.0,7.0,1485.0,12.2,308750.4
180,90.0,0.0,0.0,0.0,300.0,24.0,3.0,1485.0,12.2,308750.4
181,60.0,90.0,0.0,0.0,300.0,25.0,8.0,1459.8,12.2,308750.4
182,90.0,0.0,0.0,0.0,400.0,30.0,5.0,1459.8,12.2,308750.4
183,37.9,0.0,0.0,0.0,300.0,30.0,9.0,1459.8,12.2,308750.4
184,37.9,0.0,0.0,0.0,300.0,27.0,3.0,1459.8,12.2,308750.4
185,0.0,70.0,0.0,0.0,300.0,27.0,9.0,1459.8,12.2,308750.4
186,0.0,124.0,0.0,0.0,300.0,24.0,9.0,1459.8,12.2,308750.4
187,120.0,0.0,0.0,0.0,300.0,30.0,4.0,1485.0,12.2,308750.4
188,150.0,0.0,0.0,0.0,500.0,24.0,5.0,1459.8,12.2,308750.4
189,120.0,0.0,0.0,0.0,400.0,24.0,8.0,1459.8,12.2,308750.4
190,0.0,175.0,0.0,0.0,300.0,21.0,4.0,1459.8,12.2,308750.4
191,0.0,38.0,0.0,0.0,300.0,24.0,6.0,1459.8,12.2,308750.4
192,40.0,60.0,0.0,0.0,300.0,23.0,3.0,1459.8,12.2,308750.4
193,0.0,90.0,0.0,0.0,300.0,24.0,7.0,1459.8,12.2,308750.4
194,0.0,90.0,0.0,0.0,300.0,24.0,9.0,1459.8,12.2,308750.4
195,120.0,0.0,0.0,0.0,500.0,30.0,6.0,1459.8,12.2,308750.4
196,150.0,100.0,0.0,0.0,300.0,30.0,8.0,1459.8,12.2,308750.4
197,0.0,70.0,0.0,0.0,300.0,24.0,5.0,1459.8,12.2,308750.4
198,0.0,70.0,0.0,0.0,300.0,27.0,4.0,1459.8,12.2,308750.4
199,200.0,50.0,0.0,0.0,300.0,30.0,6.0,1459.8,12.2,308750.4
200,150.0,0.0,0.0,0.0,300.0,21.0,3.0,1459.8,12.2,308750.4
201,0.0,38.0,0.0,0.0,300.0,27.0,4.0,1459.8,12.2,308750.4
202,120.0,0.0,0.0,0.0,300.0,24.0,6.0,1410.0,12.2,308750.4
203,120.0,0.0,0.0,0.0,300.0,27.0,6.0,1410.0,12.2,308750.4
204,70.0,0.0,0.0,0.0,300.0,30.0,8.0,1459.8,12.2,308750.4
205,30.0,20.0,0.0,0.0,300.0,21.0,3.0,1459.8,12.2,308750.4
206,120.0,30.0,0.0,0.0,300.0,25.0,5.0,1459.8,12.2,308750.4
207,0.0,150.0,0.0,0.0,300.0,24.0,8.0,1459.8,12.2,308750.4
208,38.0,0.0,0.0,0.0,300.0,21.0,8.0,1485.0,12.2,308750.4
209,38.0,0.0,0.0,0.0,300.0,27.0,8.0,1410.0,12.2,308750.4
210,0.0,90.0,0.0,0.0,300.0,27.0,7.0,1459.8,12.2,308750.4
211,37.9,0.0,0.0,0.0,300.0,27.0,9.0,1459.8,12.2,308750.4
212,160.0,40.0,0.0,0.0,300.0,27.0,5.0,1459.8,12.2,308750.4
213,70.0,0.0,0.0,0.0,300.0,30.0,4.0,1459.8,12.2,308750.4
214,160.0,40.0,0.0,0.0,300.0,27.0,6.0,1459.8,12.2,308750.4
215,150.0,0.0,0.0,0.0,300.0,30.0,4.0,1410.0,12.2,308750.4
216,120.0,0.0,0.0,0.0,300.0,21.0,8.0,1459.8,12.2,308750.4
217,70.0,0.0,0.0,0.0,300.0,21.0,9.0,1459.8,12.2,308750.4
218,120.0,0.0,0.0,0.0,300.0,27.0,4.0,1410.0,12.2,308750.4
219,0.0,175.0,0.0,0.0,300.0,21.0,3.0,1459.8,12.2,308750.4
220,10.0,40.0,0.0,0.0,300.0,21.0,3.0,1459.8,12.2,308750.4
221,80.0,20.0,0.0,0.0,300.0,23.0,8.0,1459.8,12.2,308750.4
222,150.0,0.0,0.0,0.0,300.0,21.0,7.0,1459.8,12.2,308750.4
223,0.0,124.0,0.0,0.0,300.0,24.0,5.0,1459.8,12.2,308750.4
224,150.0,0.0,0.0,0.0,500.0,24.0,6.0,1459.8,12.2,308750.4
225,0.0,200.0,0.0,0.0,300.0,21.0,8.0,1459.8,12.2,308750.4
226,120.0,0.0,0.0,0.0,300.0,27.0,7.0,1410.0,12.2,308750.4
227,90.0,0.0,0.0,0.0,300.0,30.0,3.0,1410.0,12.2,308750.4
228,0.0,200.0,0.0,0.0,300.0,27.0,6.0,1459.8,12.2,308750.4
229,90.0,0.0,0.0,0.0,400.0,30.0,8.0,1459.8,12.2,308750.4
230,40.0,60.0,0.0,0.0,300.0,23.0,9.0,1459.8,12.2,308750.4
231,30.0,120.0,0.0,0.0,300.0,25.0,6.0,1459.8,12.2,308750.4
232,38.0,0.0,0.0,0.0,300.0,24.0,9.0,1485.0,12.2,308750.4
233,70.0,0.0,0.0,0.0,300.0,24.0,6.0,1459.8,12.2,308750.4
234,150.0,0.0,0.0,0.0,300.0,27.0,7.0,1410.0,12.2,308750.4
235,70.0,0.0,0.0,0.0,300.0,24.0,4.0,1410.0,12.2,308750.4
236,0.0,38.0,0.0,0.0,300.0,27.0,6.0,1459.8,12.2,308750.4
237,37.9,0.0,0.0,0.0,400.0,30.0,9.0,1459.8,12.2,308750.4
238,80.0,20.0,0.0,0.0,300.0,23.0,5.0,1459.8,12.2,308750.4
239,0.0,124.0,0.0,0.0,300.0,27.0,4.0,1459.8,12.2,308750.4
240,120.0,80.0,0.0,0.0,300.0,27.0,3.0,1459.8,12.2,308750.4
241,0.0,90.0,0.0,0.0,300.0,30.0,9.0,1459.8,12.2,308750.4
242,37.9,0.0,0.0,0.0,500.0,27.0,7.0,1459.8,12.2,308750.4
243,150.0,100.0,0.0,0.0,300.0,30.0,5.0,1459.8,12.2,308750.4
244,200.0,50.0,0.0,0.0,300.0,30.0,5.0,1459.8,12.2,308750.4
245,120.0,0.0,0.0,0.0,300.0,27.0,5.0,1459.8,12.2,308750.4
246,150.0,0.0,0.0,0.0,400.0,24.0,8.0,1459.8,12.2,308750.4
247,120.0,0.0,0.0,0.0,300.0,24.0,5.0,1410.0,12.2,308750.4
248,120.0,0.0,0.0,0.0,300.0,30.0,9.0,1485.0,12.2,308750.4
249,0.0,38.0,0.0,0.0,300.0,24.0,9.0,1459.8,12.2,308750.4
250,70.0,0.0,0.0,0.0,300.0,27.0,9.0,1410.0,12.2,308750.4
251,150.0,0.0,0.0,0.0,300.0,24.0,3.0,1485.0,12.2,308750.4
252,120.0,0.0,0.0,0.0,300.0,30.0,3.0,1485.0,12.2,308750.4
253,38.0,0.0,0.0,0.0,300.0,21.0,6.0,1485.0,12.2,308750.4
254,70.0,0.0,0.0,0.0,300.0,24.0,7.0,1485.0,12.2,308750.4
255,150.0,0.0,0.0,0.0,300.0,30.0,5.0,1485.0,12.2,308750.4
256,150.0,0.0,0.0,0.0,500.0,30.0,9.0,1459.8,12.2,308750.4
257,37.9,0.0,0.0,0.0,300.0,30.0,6.0,1459.8,12.2,308750.4
258,30.0,20.0,0.0,0.0,300.0,21.0,5.0,1459.8,12.2,308750.4
259,90.0,0.0,0.0,0.0,400.0,30.0,4.0,1459.8,12.2,308750.4
260,0.0,90.0,0.0,0.0,300.0,30.0,3.0,1459.8,12.2,308750.4
261,70.0,0.0,0.0,0.0,300.0,21.0,3.0,1485.0,12.2,308750.4
262,60.0,40.0,0.0,0.0,300.0,23.0,4.0,1459.8,12.2,308750.4
263,37.9,0.0,0.0,0.0,500.0,21.0,9.0,1459.8,12.2,308750.4
264,120.0,0.0,0.0,0.0,300.0,27.0,8.0,1485.0,12.2,308750.4
265,0.0,200.0,0.0,0.0,300.0,24.0,4.0,1459.8,12.2,308750.4
266,90.0,0.0,0.0,0.0,300.0,27.0,9.0,1485.0,12.2,308750.4
267,60.0,40.0,0.0,0.0,300.0,23.0,6.0,1459.8,12.2,308750.4
268,37.9,0.0,0.0,0.0,300.0,21.0,4.0,1459.8,12.2,308750.4
269,0.0,200.0,0.0,0.0,300.0,30.0,9.0,1459.8,12.2,308750.4
270,90.0,0.0,0.0,0.0,300.0,27.0,7.0,1410.0,12.2,308750.4
271,90.0,0.0,0.0,0.0,300.0,30.0,3.0,1485.0,12.2,308750.4
272,60.0,40.0,0.0,0.0,300.0,23.0,8.0,1459.8,12.2,308750.4
273,0.0,124.0,0.0,0.0,300.0,30.0,9.0,1459.8,12.2,308750.4
274,0.0,150.0,0.0,0.0,300.0,27.0,8.0,1459.8,12.2,308750.4
275,20.0,80.0,0.0,0.0,300.0,23.0,4.0,1459.8,12.2,308750.4
276,150.0,0.0,0.0,0.0,300.0,21.0,8.0,1459.8,12.2,308750.4
277,120.0,0.0,0.0,0.0,300.0,27.0,6.0,1459.8,12.2,308750.4
278,120.0,0.0,0.0,0.0,300.0,21.0,4.0,1459.8,12.2,308750.4
279,38.0,0.0,0.0,0.0,300.0,21.0,3.0,1410.0,12.2,308750.4
280,20.0,80.0,0.0,0.0,300.0,23.0,8.0,1459.8,12.2,308750.4
281,37.9,0.0,0.0,0.0,500.0,24.0,6.0,1459.8,12.2,308750.4
282,70.0,0.0,0.0,0.0,500.0,30.0,4.0,1459.8,12.2,308750.4
283,120.0,0.0,0.0,0.0,300.0,30.0,9.0,1459.8,12.2,308750.4
284,0.0,38.0,0.0,0.0,300.0,24.0,7.0,1459.8,12.2,308750.4
285,0.0,150.0,0.0,0.0,300.0,24.0,7.0,1459.8,12.2,308750.4
286,20.0,30.0,0.0,0.0,300.0,21.0,3.0,1459.8,12.2,308750.4
287,0.0,70.0,0.0,0.0,300.0,21.0,9.0,1459.8,12.2,308750.4
288,0.0,38.0,0.0,0.0,300.0,30.0,6.0,1459.8,12.2,308750.4
289,0.0,38.0,0.0,0.0,300.0,21.0,8.0,1459.8,12.2,308750.4
290,150.0,0.0,0.0,0.0,300.0,24.0,7.0,1459.8,12.2,308750.4
291,100.0,150.0,0.0,0.0,300.0,30.0,5.0,1459.8,12.2,308750.4
292,37.9,0.0,0.0,0.0,500.0,24.0,4.0,1459.8,12.2,308750.4
293,150.0,0.0,0.0,0.0,400.0,30.0,3.0,1459.8,12.2,308750.4
294,120.0,0.0,0.0,0.0,300.0,30.0,7.0,1410.0,12.2,308750.4
295,50.0,200.0,0.0,0.0,300.0,30.0,4.0,1459.8,12.2,308750.4
296,150.0,0.0,0.0,0.0,300.0,21.0,5.0,1459.8,12.2,308750.4
297,90.0,0.0,0.0,0.0,300.0,21.0,8.0,1459.8,12.2,308750.4
298,0.0,175.0,0.0,0.0,300.0,27.0,8.0,1459.8,12.2,308750.4
299,37.9,0.0,0.0,0.0,500.0,21.0,5.0,1459.8,12.2,308750.4
300,0.0,38.0,0.0,0.0,300.0,30.0,4.0,1459.8,12.2,308750.4
301,150.0,0.0,0.0,0.0,300.0,30.0,6.0,1410.0,12.2,308750.4
302,120.0,30.0,0.0,0.0,300.0,25.0,6.0,1459.8,12.2,308750.4
303,37.9,0.0,0.0,0.0,300.0,21.0,6.0,1459.8,12.2,308750.4
304,70.0,0.0,0.0,0.0,400.0,24.0,8.0,1459.8,12.2,308750.4
305,70.0,0.0,0.0,0.0,300.0,27.0,9.0,1485.0,12.2,308750.4
306,70.0,0.0,0.0,0.0,300.0,30.0,9.0,1459.8,12.2,308750.4
307,0.0,200.0,0.0,0.0,300.0,30.0,3.0,1459.8,12.2,308750.4
308,0.0,124.0,0.0,0.0,300.0,27.0,8.0,1459.8,12.2,308750.4
309,90.0,60.0,0.0,0.0,300.0,25.0,9.0,1459.8,12.2,308750.4
310,90.0,0.0,0.0,0.0,300.0,21.0,7.0,1410.0,12.2,308750.4
311,37.9,0.0,0.0,0.0,400.0,27.0,7.0,1459.8,12.2,308750.4
312,70.0,0.0,0.0,0.0,300.0,21.0,4.0,1485.0,12.2,308750.4
313,120.0,0.0,0.0,0.0,500.0,21.0,7.0,1459.8,12.2,308750.4
314,90.0,0.0,0.0,0.0,300.0,30.0,6.0,1459.8,12.2,308750.4
315,80.0,120.0,0.0,0.0,300.0,27.0,4.0,1459.8,12.2,308750.4
316,38.0,0.0,0.0,0.0,300.0,27.0,9.0,1485.0,12.2,308750.4
317,0.0,150.0,0.0,0.0,300.0,21.0,9.0,1459.8,12.2,308750.4
318,150.0,0.0,0.0,0.0,300.0,24.0,6.0,1459.8,12.2,308750.4
319,90.0,0.0,0.0,0.0,300.0,27.0,9.0,1459.8,12.2,308750.4
320,0.0,124.0,0.0,0.0,300.0,30.0,8.0,1459.8,12.2,308750.4
321,100.0,150.0,0.0,0.0,300.0,30.0,4.0,1459.8,12.2,308750.4
322,37.9,0.0,0.0,0.0,300.0,24.0,3.0,1459.8,12.2,308750.4
323,120.0,0.0,0.0,0.0,300.0,24.0,8.0,1410.0,12.2,308750.4
324,0.0,90.0,0.0,0.0,300.0,24.0,6.0,1459.8,12.2,308750.4
325,70.0,0.0,0.0,0.0,300.0,21.0,5.0,1485.0,12.2,308750.4
326,38.0,0.0,0.0,0.0,300.0,27.0,4.0,1485.0,12.2,308750.4
327,150.0,0.0,0.0,0.0,300.0,30.0,3.0,1410.0,12.2,308750.4
328,90.0,60.0,0.0,0.0,300.0,25.0,6.0,1459.8,12.2,308750.4
329,60.0,90.0,0.0,0.0,300.0,25.0,3.0,1459.8,12.2,308750.4
330,70.0,0.0,0.0,0.0,500.0,30.0,5.0,1459.8,12.2,308750.4
331,90.0,0.0,0.0,0.0,300.0,24.0,7.0,1410.0,12.2,308750.4
332,150.0,0.0,0.0,0.0,300.0,27.0,6.0,1485.0,12.2,308750.4
333,0.0,150.0,0.0,0.0,300.0,27.0,7.0,1459.8,12.2,308750.4
334,80.0,120.0,0.0,0.0,300.0,27.0,6.0,1459.8,12.2,308750.4
335,150.0,0.0,0.0,0.0,400.0,30.0,5.0,1459.8,12.2,308750.4
336,70.0,0.0,0.0,0.0,400.0,24.0,5.0,1459.8,12.2,308750.4
337,0.0,70.0,0.0,0.0,300.0,21.0,4.0,1459.8,12.2,308750.4
338,0.0,200.0,0.0,0.0,300.0,24.0,5.0,1459.8,12.2,308750.4
339,0.0,70.0,0.0,0.0,300.0,30.0,6.0,1459.8,12.2,308750.4
340,70.0,0.0,0.0,0.0,300.0,27.0,7.0,1459.8,12.2,308750.4
341,0.0,200.0,0.0,0.0,300.0,24.0,3.0,1459.8,12.2,308750.4
342,150.0,0.0,0.0,0.0,300.0,30.0,6.0,1485.0,12.2,308750.4
343,37.9,0.0,0.0,0.0,500.0,30.0,8.0,1459.8,12.2,308750.4
344,38.0,0.0,0.0,0.0,300.0,21.0,9.0,1485.0,12.2,308750.4
345,90.0,0.0,0.0,0.0,400.0,24.0,6.0,1459.8,12.2,308750.4
346,70.0,0.0,0.0,0.0,300.0,24.0,9.0,1410.0,12.2,308750.4
347,0.0,70.0,0.0,0.0,300.0,27.0,8.0,1459.8,12.2,308750.4
348,150.0,0.0,0.0,0.0,300.0,27.0,8.0,1459.8,12.2,308750.4
349,90.0,0.0,0.0,0.0,500.0,21.0,7.0,1459.8,12.2,308750.4
350,90.0,0.0,0.0,0.0,300.0,24.0,9.0,1485.0,12.2,308750.4
351,150.0,0.0,0.0,0.0,300.0,24.0,4.0,1485.0,12.2,308750.4
352,70.0,0.0,0.0,0.0,300.0,27.0,6.0,1459.8,12.2,308750.4
353,120.0,0.0,0.0,0.0,400.0,24.0,3.0,1459.8,12.2,308750.4
354,0.0,38.0,0.0,0.0,300.0,27.0,9.0,1459.8,12.2,308750.4
355,40.0,160.0,0.0,0.0,300.0,27.0,3.0,1459.8,12.2,308750.4
356,120.0,0.0,0.0,0.0,400.0,21.0,7.0,1459.8,12.2,308750.4
357,150.0,0.0,0.0,0.0,300.0,27.0,5.0,1410.0,12.2,308750.4
358,0.0,70.0,0.0,0.0,300.0,27.0,7.0,1459.8,12.2,308750.4
359,30.0,20.0,0.0,0.0,300.0,21.0,8.0,1459.8,12.2,308750.4
360,90.0,0.0,0.0,0.0,300.0,30.0,7.0,1459.8,12.2,308750.4
361,150.0,0.0,0.0,0.0,300.0,30.0,4.0,1485.0,12.2,308750.4
362,90.0,0.0,0.0,0.0,300.0,30.0,6.0,1410.0,12.2,308750.4
363,70.0,0.0,0.0,0.0,300.0,24.0,5.0,1410.0,12.2,308750.4
364,120.0,0.0,0.0,0.0,300.0,27.0,5.0,1410.0,12.2,308750.4
365,80.0,20.0,0.0,0.0,300.0,23.0,9.0,1459.8,12.2,308750.4
366,90.0,0.0,0.0,0.0,300.0,21.0,4.0,1485.0,12.2,308750.4
367,37.9,0.0,0.0,0.0,400.0,27.0,5.0,1459.8,12.2,308750.4
368,120.0,0.0,0.0,0.0,300.0,24.0,4.0,1485.0,12.2,308750.4
369,70.0,0.0,0.0,0.0,300.0,21.0,3.0,1410.0,12.2,308750.4
370,90.0,0.0,0.0,0.0,300.0,21.0,9.0,1410.0,12.2,308750.4
371,20.0,30.0,0.0,0.0,300.0,21.0,8.0,1459.8,12.2,308750.4
372,120.0,0.0,0.0,0.0,500.0,24.0,9.0,1459.8,12.2,308750.4
373,37.9,0.0,0.0,0.0,300.0,30.0,8.0,1459.8,12.2,308750.4
374,120.0,0.0,0.0,0.0,300.0,24.0,9.0,1459.8,12.2,308750.4
375,0.0,124.0,0.0,0.0,300.0,30.0,6.0,1459.8,12.2,308750.4
376,37.9,0.0,0.0,0.0,400.0,21.0,8.0,1459.8,12.2,308750.4
377,90.0,0.0,0.0,0.0,400.0,24.0,5.0,1459.8,12.2,308750.4
378,50.0,200.0,0.0,0.0,300.0,30.0,5.0,1459.8,12.2,308750.4
379,90.0,0.0,0.0,0.0,500.0,24.0,3.0,1459.8,12.2,308750.4
380,90.0,0.0,0.0,0.0,500.0,30.0,9.0,1459.8,12.2,308750.4
381,70.0,0.0,0.0,0.0,400.0,30.0,4.0,1459.8,12.2,308750.4
382,70.0,0.0,0.0,0.0,300.0,24.0,3.0,1410.0,12.2,308750.4
383,70.0,0.0,0.0,0.0,300.0,24.0,9.0,1459.8,12.2,308750.4
384,90.0,0.0,0.0,0.0,300.0,30.0,7.0,1410.0,12.2,308750.4
385,70.0,0.0,0.0,0.0,300.0,24.0,4.0,1485.0,12.2,308750.4
386,120.0,0.0,0.0,0.0,500.0,24.0,8.0,1459.8,12.2,308750.4
387,0.0,90.0,0.0,0.0,300.0,21.0,7.0,1459.8,12.2,308750.4
388,0.0,200.0,0.0,0.0,300.0,21.0,5.0,1459.8,12.2,308750.4
389,150.0,0.0,0.0,0.0,300.0,27.0,8.0,1485.0,12.2,308750.4
390,90.0,60.0,0.0,0.0,300.0,25.0,8.0,1459.8,12.2,308750.4
391,120.0,0.0,0.0,0.0,500.0,30.0,8.0,1459.8,12.2,308750.4
392,70.0,0.0,0.0,0.0,300.0,21.0,9.0,1485.0,12.2,308750.4
393,150.0,0.0,0.0,0.0,300.0,30.0,7.0,1459.8,12.2,308750.4
394,0.0,90.0,0.0,0.0,300.0,30.0,7.0,1459.8,12.2,308750.4
395,70.0,0.0,0.0,0.0,400.0,30.0,9.0,1459.8,12.2,308750.4
396,0.0,38.0,0.0,0.0,300.0,24.0,5.0,1459.8,12.2,308750.4
397,0.0,150.0,0.0,0.0,300.0,21.0,3.0,1459.8,12.2,308750.4
398,120.0,0.0,0.0,0.0,300.0,27.0,3.0,1459.8,12.2,308750.4
399,90.0,0.0,0.0,0.0,300.0,27.0,5.0,1485.0,12.2,308750.4
400,120.0,0.0,0.0,0.0,300.0,27.0,5.0,1485.0,12.2,308750.4
401,37.9,0.0,0.0,0.0,300.0,30.0,7.0,1459.8,12.2,308750.4
402,120.0,0.0,0.0,0.0,300.0,21.0,3.0,1459.8,12.2,308750.4
403,70.0,0.0,0.0,0.0,500.0,24.0,5.0,1459.8,12.2,308750.4
404,80.0,120.0,0.0,0.0,300.0,27.0,8.0,1459.8,12.2,308750.4
405,37.9,0.0,0.0,0.0,500.0,24.0,8.0,1459.8,12.2,308750.4
406,0.0,200.0,0.0,0.0,300.0,21.0,9.0,1459.8,12.2,308750.4
407,70.0,0.0,0.0,0.0,400.0,30.0,3.0,1459.8,12.2,308750.4
408,120.0,0.0,0.0,0.0,300.0,24.0,5.0,1485.0,12.2,308750.4
409,0.0,90.0,0.0,0.0,300.0,30.0,5.0,1459.8,12.2,308750.4
410,37.9,0.0,0.0,0.0,500.0,27.0,9.0,1459.8,12.2,308750.4
411,37.9,0.0,0.0,0.0,400.0,24.0,3.0,1459.8,12.2,308750.4
412,90.0,0.0,0.0,0.0,300.0,30.0,7.0,1485.0,12.2,308750.4
413,0.0,90.0,0.0,0.0,300.0,27.0,6.0,1459.8,12.2,308750.4
414,70.0,0.0,0.0,0.0,300.0,27.0,4.0,1410.0,12.2,308750.4
415,70.0,0.0,0.0,0.0,300.0,21.0,4.0,1410.0,12.2,308750.4
416,90.0,0.0,0.0,0.0,300.0,30.0,4.0,1459.8,12.2,308750.4
417,38.0,0.0,0.0,0.0,300.0,27.0,3.0,1410.0,12.2,308750.4
418,70.0,0.0,0.0,0.0,300.0,24.0,7.0,1459.8,12.2,308750.4
419,0.0,150.0,0.0,0.0,300.0,27.0,6.0,1459.8,12.2,308750.4
420,90.0,0.0,0.0,0.0,300.0,21.0,3.0,1459.8,12.2,308750.4
421,90.0,0.0,0.0,0.0,300.0,21.0,7.0,1459.8,12.2,308750.4
422,120.0,80.0,0.0,0.0,300.0,27.0,5.0,1459.8,12.2,308750.4
423,70.0,0.0,0.0,0.0,300.0,27.0,9.0,1459.8,12.2,308750.4
424,0.0,70.0,0.0,0.0,300.0,24.0,4.0,1459.8,12.2,308750.4
425,90.0,0.0,0.0,0.0,500.0,30.0,4.0,1459.8,12.2,308750.4
426,0.0,90.0,0.0,0.0,300.0,21.0,3.0,1459.8,12.2,308750.4
427,150.0,0.0,0.0,0.0,400.0,21.0,7.0,1459.8,12.2,308750.4
428,20.0,30.0,0.0,0.0,300.0,21.0,4.0,1459.8,12.2,308750.4
429,150.0,0.0,0.0,0.0,400.0,30.0,9.0,1459.8,12.2,308750.4
430,0.0,175.0,0.0,0.0,300.0,21.0,9.0,1459.8,12.2,308750.4
431,120.0,0.0,0.0,0.0,300.0,30.0,4.0,1410.0,12.2,308750.4
432,120.0,0.0,0.0,0.0,500.0,30.0,5.0,1459.8,12.2,308750.4
433,0.0,70.0,0.0,0.0,300.0,30.0,7.0,1459.8,12.2,308750.4
434,37.9,0.0,0.0,0.0,300.0,27.0,7.0,1459.8,12.2,308750.4
435,0.0,200.0,0.0,0.0,300.0,24.0,9.0,1459.8,12.2,308750.4
436,90.0,0.0,0.0,0.0,300.0,27.0,4.0,1485.0,12.2,308750.4
437,120.0,0.0,0.0,0.0,500.0,24.0,5.0,1459.8,12.2,308750.4
438,90.0,0.0,0.0,0.0,300.0,24.0,5.0,1459.8,12.2,308750.4
439,37.9,0.0,0.0,0.0,400.0,24.0,9.0,1459.8,12.2,308750.4
440,150.0,0.0,0.0,0.0,300.0,24.0,9.0,1485.0,12.2,308750.4
441,0.0,175.0,0.0,0.0,300.0,27.0,6.0,1459.8,12.2,308750.4
442,10.0,40.0,0.0,0.0,300.0,21.0,8.0,1459.8,12.2,308750.4
443,150.0,0.0,0.0,0.0,400.0,24.0,3.0,1459.8,12.2,308750.4
444,40.0,160.0,0.0,0.0,300.0,27.0,4.0,1459.8,12.2,308750.4
445,70.0,0.0,0.0,0.0,400.0,24.0,9.0,1459.8,12.2,308750.4
446,0.0,175.0,0.0,0.0,300.0,21.0,6.0,1459.8,12.2,308750.4
447,0.0,150.0,0.0,0.0,300.0,21.0,4.0,1459.8,12.2,308750.4
448,0.0,124.0,0.0,0.0,300.0,24.0,4.0,1459.8,12.2,308750.4
449,150.0,0.0,0.0,0.0,500.0,30.0,6.0,1459.8,12.2,308750.4
450,0.0,124.0,0.0,0.0,300.0,30.0,5.0,1459.8,12.2,308750.4
451,120.0,0.0,0.0,0.0,300.0,30.0,6.0,1485.0,12.2,308750.4
452,70.0,0.0,0.0,0.0,500.0,21.0,7.0,1459.8,12.2,308750.4
453,30.0,120.0,0.0,0.0,300.0,25.0,4.0,1459.8,12.2,308750.4
454,90.0,0.0,0.0,0.0,300.0,27.0,6.0,1410.0,12.2,308750.4
455,150.0,0.0,0.0,0.0,500.0,30.0,3.0,1459.8,12.2,308750.4
456,150.0,0.0,0.0,0.0,300.0,27.0,6.0,1410.0,12.2,308750.4
457,37.9,0.0,0.0,0.0,500.0,21.0,7.0,1459.8,12.2,308750.4
458,20.0,30.0,0.0,0.0,300.0,21.0,9.0,1459.8,12.2,308750.4
459,150.0,0.0,0.0,0.0,500.0,24.0,4.0,1459.8,12.2,308750.4
460,90.0,0.0,0.0,0.0,300.0,24.0,5.0,1485.0,12.2,308750.4
461,37.9,0.0,0.0,0.0,500.0,30.0,3.0,1459.8,12.2,308750.4
462,0.0,38.0,0.0,0.0,300.0,30.0,7.0,1459.8,12.2,308750.4
463,70.0,0.0,0.0,0.0,300.0,21.0,3.0,1459.8,12.2,308750.4
464,40.0,160.0,0.0,0.0,300.0,27.0,8.0,1459.8,12.2,308750.4
465,90.0,0.0,0.0,0.0,300.0,21.0,8.0,1410.0,12.2,308750.4
466,150.0,0.0,0.0,0.0,300.0,30.0,5.0,1459.8,12.2,308750.4
467,150.0,0.0,0.0,0.0,300.0,30.0,8.0,1485.0,12.2,308750.4
468,150.0,0.0,0.0,0.0,300.0,30.0,8.0,1410.0,12.2,308750.4
469,40.0,160.0,0.0,0.0,300.0,27.0,5.0,1459.8,12.2,308750.4
470,0.0,70.0,0.0,0.0,300.0,24.0,8.0,1459.8,12.2,308750.4
471,120.0,0.0,0.0,0.0,300.0,30.0,7.0,1459.8,12.2,308750.4
472,30.0,120.0,0.0,0.0,300.0,25.0,9.0,1459.8,12.2,308750.4
473,70.0,0.0,0.0,0.0,300.0,27.0,3.0,1459.8,12.2,308750.4
474,10.0,40.0,0.0,0.0,300.0,21.0,4.0,1459.8,12.2,308750.4
475,0.0,175.0,0.0,0.0,300.0,30.0,4.0,1459.8,12.2,308750.4
476,0.0,150.0,0.0,0.0,300.0,27.0,9.0,1459.8,12.2,308750.4
477,90.0,0.0,0.0,0.0,300.0,21.0,6.0,1410.0,12.2,308750.4
478,50.0,200.0,0.0,0.0,300.0,30.0,3.0,1459.8,12.2,308750.4
479,0.0,175.0,0.0,0.0,300.0,24.0,7.0,1459.8,12.2,308750.4
480,0.0,70.0,0.0,0.0,300.0,30.0,9.0,1459.8,12.2,308750.4
481,37.9,0.0,0.0,0.0,300.0,24.0,4.0,1459.8,12.2,308750.4
482,120.0,0.0,0.0,0.0,300.0,27.0,9.0,1410.0,12.2,308750.4
483,90.0,0.0,0.0,0.0,500.0,30.0,3.0,1459.8,12.2,308750.4
484,90.0,0.0,0.0,0.0,500.0,24.0,9.0,1459.8,12.2,308750.4
485,90.0,0.0,0.0,0.0,300.0,24.0,8.0,1485.0,12.2,308750.4
486,37.9,0.0,0.0,0.0,400.0,30.0,3.0,1459.8,12.2,308750.4
487,90.0,0.0,0.0,0.0,300.0,27.0,4.0,1410.0,12.2,308750.4
488,160.0,40.0,0.0,0.0,300.0,27.0,4.0,1459.8,12.2,308750.4
489,70.0,0.0,0.0,0.0,300.0,27.0,5.0,1410.0,12.2,308750.4
490,0.0,124.0,0.0,0.0,300.0,30.0,7.0,1459.8,12.2,308750.4
491,70.0,0.0,0.0,0.0,300.0,24.0,3.0,1459.8,12.2,308750.4
492,38.0,0.0,0.0,0.0,300.0,24.0,7.0,1410.0,12.2,308750.4
493,150.0,0.0,0.0,0.0,300.0,24.0,4.0,1459.8,12.2,308750.4
494,0.0,124.0,0.0,0.0,300.0,21.0,6.0,1459.8,12.2,308750.4
495,0.0,200.0,0.0,0.0,300.0,30.0,8.0,1459.8,12.2,308750.4
496,90.0,0.0,0.0,0.0,300.0,24.0,9.0,1459.8,12.2,308750.4
497,0.0,150.0,0.0,0.0,300.0,27.0,5.0,1459.8,12.2,308750.4
498,37.9,0.0,0.0,0.0,400.0,30.0,4.0,1459.8,12.2,308750.4
499,38.0,0.0,0.0,0.0,300.0,27.0,5.0,1485.0,12.2,308750.4
500,90.0,60.0,0.0,0.0,300.0,25.0,3.0,1459.8,12.2,308750.4
501,70.0,0.0,0.0,0.0,300.0,27.0,4.0,1485.0,12.2,308750.4
502,150.0,0.0,0.0,0.0,400.0,24.0,5.0,1459.8,12.2,308750.4
503,120.0,0.0,0.0,0.0,300.0,30.0,8.0,1485.0,12.2,308750.4
504,90.0,0.0,0.0,0.0,300.0,21.0,8.0,1485.0,12.2,308750.4
505,150.0,0.0,0.0,0.0,300.0,24.0,7.0,1410.0,12.2,308750.4
506,37.9,0.0,0.0,0.0,300.0,21.0,9.0,1459.8,12.2,308750.4
507,120.0,0.0,0.0,0.0,300.0,24.0,7.0,1485.0,12.2,308750.4
508,50.0,200.0,0.0,0.0,300.0,30.0,9.0,1459.8,12.2,308750.4
509,150.0,0.0,0.0,0.0,300.0,27.0,9.0,1485.0,12.2,308750.4
510,120.0,80.0,0.0,0.0,300.0,27.0,9.0,1459.8,12.2,308750.4
511,38.0,0.0,0.0,0.0,300.0,27.0,9.0,1410.0,12.2,308750.4
512,37.9,0.0,0.0,0.0,400.0,24.0,4.0,1459.8,12.2,308750.4
513,38.0,0.0,0.0,0.0,300.0,27.0,3.0,1485.0,12.2,308750.4
514,90.0,60.0,0.0,0.0,300.0,25.0,4.0,1459.8,12.2,308750.4
515,0.0,175.0,0.0,0.0,300.0,21.0,8.0,1459.8,12.2,308750.4
516,40.0,10.0,0.0,0.0,300.0,21.0,4.0,1459.8,12.2,308750.4
517,150.0,0.0,0.0,0.0,400.0,24.0,6.0,1459.8,12.2,308750.4
518,0.0,70.0,0.0,0.0,300.0,21.0,6.0,1459.8,12.2,308750.4
519,37.9,0.0,0.0,0.0,300.0,24.0,7.0,1459.8,12.2,308750.4
520,37.9,0.0,0.0,0.0,500.0,30.0,9.0,1459.8,12.2,308750.4
521,120.0,0.0,0.0,0.0,300.0,24.0,8.0,1459.8,12.2,308750.4
522,150.0,0.0,0.0,0.0,300.0,21.0,4.0,1459.8,12.2,308750.4
523,40.0,60.0,0.0,0.0,300.0,23.0,5.0,1459.8,12.2,308750.4
524,90.0,0.0,0.0,0.0,400.0,24.0,8.0,1459.8,12.2,308750.4
525,90.0,0.0,0.0,0.0,300.0,21.0,3.0,1410.0,12.2,308750.4
526,90.0,0.0,0.0,0.0,400.0,24.0,3.0,1459.8,12.2,308750.4
527,90.0,0.0,0.0,0.0,300.0,30.0,4.0,1485.0,12.2,308750.4
528,120.0,80.0,0.0,0.0,300.0,27.0,8.0,1459.8,12.2,308750.4
529,90.0,0.0,0.0,0.0,300.0,30.0,5.0,1410.0,12.2,308750.4
530,0.0,200.0,0.0,0.0,300.0,27.0,3.0,1459.8,12.2,308750.4
531,150.0,0.0,0.0,0.0,300.0,27.0,7.0,1459.8,12.2,308750.4
532,120.0,0.0,0.0,0.0,300.0,27.0,8.0,1459.8,12.2,308750.4
533,120.0,0.0,0.0,0.0,400.0,30.0,8.0,1459.8,12.2,308750.4
534,0.0,200.0,0.0,0.0,300.0,21.0,7.0,1459.8,12.2,308750.4
535,0.0,124.0,0.0,0.0,300.0,21.0,9.0,1459.8,12.2,308750.4
536,0.0,124.0,0.0,0.0,300.0,27.0,3.0,1459.8,12.2,308750.4
537,150.0,0.0,0.0,0.0,500.0,24.0,3.0,1459.8,12.2,308750.4
538,70.0,0.0,0.0,0.0,400.0,30.0,5.0,1459.8,12.2,308750.4
539,0.0,200.0,0.0,0.0,300.0,27.0,7.0,1459.8,12.2,308750.4
540,0.0,90.0,0.0,0.0,300.0,27.0,8.0,1459.8,12.2,308750.4
541,120.0,0.0,0.0,0.0,300.0,30.0,6.0,1459.8,12.2,308750.4
542,0.0,175.0,0.0,0.0,300.0,30.0,3.0,1459.8,12.2,308750.4
543,150.0,0.0,0.0,0.0,300.0,24.0,5.0,1459.8,12.2,308750.4
544,0.0,200.0,0.0,0.0,300.0,27.0,8.0,1459.8,12.2,308750.4
545,0.0,90.0,0.0,0.0,300.0,27.0,9.0,1459.8,12.2,308750.4
546,90.0,0.0,0.0,0.0,500.0,24.0,5.0,1459.8,12.2,308750.4
547,37.9,0.0,0.0,0.0,500.0,27.0,6.0,1459.8,12.2,308750.4
548,37.9,0.0,0.0,0.0,400.0,21.0,9.0,1459.8,12.2,308750.4
549,0.0,70.0,0.0,0.0,300.0,27.0,6.0,1459.8,12.2,308750.4
550,120.0,0.0,0.0,0.0,400.0,30.0,6.0,1459.8,12.2,308750.4
551,60.0,40.0,0.0,0.0,300.0,23.0,9.0,1459.8,12.2,308750.4
552,70.0,0.0,0.0,0.0,400.0,30.0,8.0,1459.8,12.2,308750.4
553,70.0,0.0,0.0,0.0,300.0,24.0,3.0,1485.0,12.2,308750.4
554,150.0,0.0,0.0,0.0,300.0,24.0,4.0,1410.0,12.2,308750.4
555,70.0,0.0,0.0,0.0,300.0,27.0,7.0,1410.0,12.2,308750.4
556,70.0,0.0,0.0,0.0,300.0,24.0,8.0,1410.0,12.2,308750.4
557,38.0,0.0,0.0,0.0,300.0,21.0,4.0,1485.0,12.2,308750.4
558,80.0,120.0,0.0,0.0,300.0,27.0,9.0,1459.8,12.2,308750.4
559,120.0,0.0,0.0,0.0,300.0,21.0,7.0,1459.8,12.2,308750.4
560,120.0,30.0,0.0,0.0,300.0,25.0,8.0,1459.8,12.2,308750.4
561,120.0,0.0,0.0,0.0,300.0,24.0,6.0,1485.0,12.2,308750.4
562,0.0,200.0,0.0,0.0,300.0,27.0,9.0,1459.8,12.2,308750.4
563,90.0,0.0,0.0,0.0,400.0,21.0,7.0,1459.8,12.2,308750.4
564,70.0,0.0,0.0,0.0,400.0,24.0,3.0,1459.8,12.2,308750.4
565,150.0,0.0,0.0,0.0,300.0,30.0,7.0,1485.0,12.2,308750.4
566,70.0,0.0,0.0,0.0,300.0,21.0,7.0,1410.0,12.2,308750.4
567,150.0,0.0,0.0,0.0,400.0,30.0,8.0,1459.8,12.2,308750.4
568,150.0,0.0,0.0,0.0,300.0,24.0,5.0,1485.0,12.2,308750.4
569,90.0,0.0,0.0,0.0,300.0,24.0,3.0,1410.0,12.2,308750.4
570,90.0,0.0,0.0,0.0,500.0,24.0,8.0,1459.8,12.2,308750.4
571,40.0,10.0,0.0,0.0,300.0,21.0,6.0,1459.8,12.2,308750.4
572,90.0,0.0,0.0,0.0,300.0,24.0,8.0,1459.8,12.2,308750.4
573,0.0,175.0,0.0,0.0,300.0,30.0,7.0,1459.8,12.2,308750.4
574,90.0,0.0,0.0,0.0,300.0,24.0,6.0,1459.8,12.2,308750.4
575,0.0,175.0,0.0,0.0,300.0,24.0,3.0,1459.8,12.2,308750.4
576,0.0,124.0,0.0,0.0,300.0,27.0,7.0,1459.8,12.2,308750.4
577,70.0,0.0,0.0,0.0,300.0,21.0,6.0,1485.0,12.2,308750.4
578,37.9,0.0,0.0,0.0,400.0,27.0,6.0,1459.8,12.2,308750.4
579,150.0,0.0,0.0,0.0,300.0,24.0,8.0,1459.8,12.2,308750.4
580,90.0,0.0,0.0,0.0,300.0,21.0,3.0,1485.0,12.2,308750.4
581,50.0,200.0,0.0,0.0,300.0,30.0,8.0,1459.8,12.2,308750.4
582,37.9,0.0,0.0,0.0,500.0,21.0,3.0,1459.8,12.2,308750.4
583,38.0,0.0,0.0,0.0,300.0,21.0,3.0,1485.0,12.2,308750.4
584,70.0,0.0,0.0,0.0,300.0,27.0,8.0,1410.0,12.2,308750.4
585,37.9,0.0,0.0,0.0,300.0,24.0,5.0,1459.8,12.2,308750.4
586,120.0,0.0,0.0,0.0,300.0,30.0,8.0,1459.8,12.2,308750.4
587,38.0,0.0,0.0,0.0,300.0,24.0,8.0,1410.0,12.2,308750.4
588,37.9,0.0,0.0,0.0,300.0,27.0,8.0,1459.8,12.2,308750.4
589,0.0,70.0,0.0,0.0,300.0,30.0,8.0,1459.8,12.2,308750.4
590,40.0,10.0,0.0,0.0,300.0,21.0,5.0,1459.8,12.2,308750.4
591,70.0,0.0,0.0,0.0,500.0,30.0,3.0,1459.8,12.2,308750.4
592,70.0,0.0,0.0,0.0,300.0,24.0,7.0,1410.0,12.2,308750.4
593,0.0,124.0,0.0,0.0,300.0,30.0,3.0,1459.8,12.2,308750.4
594,0.0,124.0,0.0,0.0,300.0,24.0,6.0,1459.8,12.2,308750.4
595,120.0,0.0,0.0,0.0,500.0,24.0,4.0,1459.8,12.2,308750.4
596,150.0,0.0,0.0,0.0,300.0,27.0,3.0,1410.0,12.2,308750.4
597,70.0,0.0,0.0,0.0,300.0,21.0,6.0,1459.8,12.2,308750.4
598,150.0,100.0,0.0,0.0,300.0,30.0,9.0,1459.8,12.2,308750.4
599,90.0,0.0,0.0,0.0,300.0,24.0,7.0,1485.0,12.2,308750.4
600,38.0,0.0,0.0,0.0,300.0,24.0,8.0,1485.0,12.2,308750.4
601,37.9,0.0,0.0,0.0,300.0,24.0,6.0,1459.8,12.2,308750.4
602,0.0,90.0,0.0,0.0,300.0,21.0,8.0,1459.8,12.2,308750.4
603,60.0,90.0,0.0,0.0,300.0,25.0,4.0,1459.8,12.2,308750.4
604,120.0,0.0,0.0,0.0,300.0,27.0,9.0,1485.0,12.2,308750.4
605,150.0,0.0,0.0,0.0,500.0,30.0,4.0,1459.8,12.2,308750.4
606,0.0,175.0,0.0,0.0,300.0,21.0,5.0,1459.8,12.2,308750.4
607,100.0,150.0,0.0,0.0,300.0,30.0,9.0,1459.8,12.2,308750.4
608,150.0,0.0,0.0,0.0,300.0,27.0,9.0,1410.0,12.2,308750.4
609,0.0,38.0,0.0,0.0,300.0,30.0,8.0,1459.8,12.2,308750.4
610,70.0,0.0,0.0,0.0,300.0,24.0,5.0,1459.8,12.2,308750.4
611,0.0,70.0,0.0,0.0,300.0,21.0,3.0,1459.8,12.2,308750.4
612,0.0,200.0,0.0,0.0,300.0,24.0,7.0,1459.8,12.2,308750.4
613,0.0,200.0,0.0,0.0,300.0,21.0,6.0,1459.8,12.2,308750.4
614,0.0,70.0,0.0,0.0,300.0,27.0,3.0,1459.8,12.2,308750.4
615,120.0,0.0,0.0,0.0,300.0,21.0,6.0,1459.8,12.2,308750.4
616,40.0,160.0,0.0,0.0,300.0,27.0,9.0,1459.8,12.2,308750.4
617,90.0,0.0,0.0,0.0,300.0,27.0,3.0,1459.8,12.2,308750.4
618,90.0,0.0,0.0,0.0,300.0,24.0,4.0,1410.0,12.2,308750.4
619,70.0,0.0,0.0,0.0,300.0,21.0,4.0,1459.8,12.2,308750.4
620,0.0,200.0,0.0,0.0,300.0,30.0,5.0,1459.8,12.2,308750.4
621,120.0,0.0,0.0,0.0,500.0,30.0,4.0,1459.8,12.2,308750.4
622,0.0,124.0,0.0,0.0,300.0,27.0,6.0,1459.8,12.2,308750.4
623,0.0,150.0,0.0,0.0,300.0,30.0,6.0,1459.8,12.2,308750.4
624,90.0,0.0,0.0,0.0,300.0,27.0,8.0,1410.0,12.2,308750.4
625,70.0,0.0,0.0,0.0,300.0,27.0,4.0,1459.8,12.2,308750.4
626,0.0,124.0,0.0,0.0,300.0,24.0,7.0,1459.8,12.2,308750.4
627,0.0,70.0,0.0,0.0,300.0,24.0,6.0,1459.8,12.2,308750.4
628,150.0,0.0,0.0,0.0,300.0,24.0,3.0,1459.8,12.2,308750.4
629,150.0,0.0,0.0,0.0,300.0,24.0,6.0,1410.0,12.2,308750.4
630,120.0,0.0,0.0,0.0,300.0,24.0,8.0,1485.0,12.2,308750.4
631,70.0,0.0,0.0,0.0,300.0,30.0,6.0,1459.8,12.2,308750.4
632,37.9,0.0,0.0,0.0,400.0,30.0,5.0,1459.8,12.2,308750.4
633,60.0,90.0,0.0,0.0,300.0,25.0,5.0,1459.8,12.2,308750.4
634,38.0,0.0,0.0,0.0,300.0,24.0,6.0,1410.0,12.2,308750.4
635,90.0,0.0,0.0,0.0,300.0,21.0,9.0,1459.8,12.2,308750.4
636,150.0,0.0,0.0,0.0,300.0,21.0,6.0,1459.8,12.2,308750.4
637,70.0,0.0,0.0,0.0,500.0,24.0,4.0,1459.8,12.2,308750.4
638,120.0,0.0,0.0,0.0,300.0,30.0,3.0,1410.0,12.2,308750.4
639,90.0,0.0,0.0,0.0,300.0,21.0,9.0,1485.0,12.2,308750.4
640,120.0,0.0,0.0,0.0,400.0,24.0,6.0,1459.8,12.2,308750.4
641,0.0,175.0,0.0,0.0,300.0,27.0,9.0,1459.8,12.2,308750.4
642,0.0,38.0,0.0,0.0,300.0,30.0,5.0,1459.8,12.2,308750.4
643,150.0,100.0,0.0,0.0,300.0,30.0,6.0,1459.8,12.2,308750.4
644,30.0,120.0,0.0,0.0,300.0,25.0,3.0,1459.8,12.2,308750.4
645,90.0,0.0,0.0,0.0,300.0,21.0,4.0,1410.0,12.2,308750.4
646,150.0,0.0,0.0,0.0,300.0,24.0,8.0,1410.0,12.2,308750.4
647,120.0,0.0,0.0,0.0,400.0,30.0,4.0,1459.8,12.2,308750.4
648,90.0,0.0,0.0,0.0,300.0,27.0,6.0,1459.8,12.2,308750.4
649,0.0,124.0,0.0,0.0,300.0,21.0,4.0,1459.8,12.2,308750.4
650,90.0,0.0,0.0,0.0,300.0,21.0,5.0,1485.0,12.2,308750.4
651,0.0,150.0,0.0,0.0,300.0,24.0,9.0,1459.8,12.2,308750.4
652,120.0,0.0,0.0,0.0,300.0,24.0,5.0,1459.8,12.2,308750.4
653,70.0,0.0,0.0,0.0,300.0,24.0,4.0,1459.8,12.2,308750.4
654,70.0,0.0,0.0,0.0,300.0,21.0,8.0,1410.0,12.2,308750.4
655,90.0,0.0,0.0,0.0,400.0,30.0,9.0,1459.8,12.2,308750.4
656,90.0,0.0,0.0,0.0,300.0,27.0,8.0,1459.8,12.2,308750.4
657,40.0,10.0,0.0,0.0,300.0,21.0,3.0,1459.8,12.2,308750.4
658,70.0,0.0,0.0,0.0,300.0,30.0,5.0,1459.8,12.2,308750.4
659,150.0,0.0,0.0,0.0,300.0,30.0,5.0,1410.0,12.2,308750.4
660,120.0,0.0,0.0,0.0,400.0,30.0,5.0,1459.8,12.2,308750.4
661,90.0,0.0,0.0,0.0,300.0,27.0,3.0,1485.0,12.2,308750.4
662,120.0,0.0,0.0,0.0,300.0,30.0,3.0,1459.8,12.2,308750.4
663,37.9,0.0,0.0,0.0,500.0,27.0,5.0,1459.8,12.2,308750.4
664,20.0,30.0,0.0,0.0,300.0,21.0,6.0,1459.8,12.2,308750.4
665,38.0,0.0,0.0,0.0,300.0,27.0,4.0,1410.0,12.2,308750.4
666,100.0,150.0,0.0,0.0,300.0,30.0,8.0,1459.8,12.2,308750.4
667,120.0,0.0,0.0,0.0,300.0,30.0,5.0,1485.0,12.2,308750.4
